from,to
Kota Bandung,Kota Banjar
Kota Bandung,Kota Bogor
Kota Bandung,Kota Cimahi
Kota Bandung,Kota Cirebon
Kota Bandung,Kota Tasikmalaya
Kota Banjar,Kota Sukabumi
Kota Bekasi,Kota Bandung
Kota Bogor,Kota Bandung
Kota Bogor,Kota Bekasi
Kota Bogor,Kota Cirebon
Kota Bogor,Kota Depok
Kota Bogor,Kota Bekasi
Kota Bogor,Kota Sukabumi
Kota Cirebon,Kota Tasikmalaya
Kota Cirebon,Kota Banjar
Kota Depok,Kota Bandung
Kota Depok,Kota Banjar
Kota Depok,Kota Sukabumi
Kota Depok,Kota Tasikmalaya
Kota Sukabumi,Kota Bandung
Kota Sukabumi,Kota Bekasi
Kota Sukabumi,Kota Cirebon
Kota Sukabumi,Kota Tasikmalaya
Kota Tasikmalaya,Kota Banjar
Kota Tasikmalaya,Kota Bekasi
Kota Tasikmalaya,Kota Cirebon
Kota Tasikmalaya,Kota Sukabumi
Kota Purwakarta,Kota Bandung
Kota Purwakarta,Kota Bekasi
Kota Depok,Kota Karawang
Kota Purwakarta,Kota Karawang
Kota Garut,Kota Bandung
Kota Subang,Kota Bandung
Kota Subang,Kota Purwakarta
Kota Bekasi,Kota Depok
Kota Purwakarta,Kota Bogor
